max_latitude,min_latitude,max_longitude,min_longitude
-43.7944833443965,-65.6551592394204,89.1867954581332,-61.2364110380944
