max_latitude,min_latitude,max_longitude,min_longitude
-37.4731381108012,-69.4755455336008,64.4115829610159,-132.983572090208
