max_latitude,min_latitude,max_longitude,min_longitude
-36.3111273951854,-70.3301610461669,159.246671932921,-152.469338788745
