max_latitude,min_latitude,max_longitude,min_longitude
-37.4302622395175,-70.3306951680513,69.2668955259064,-89.9989100392265
